date,type,valueThousands,value
1939-01-01,service-providing,18825,18825000
1939-02-01,service-providing,18879,18879000
1939-03-01,service-providing,18897,18897000
1939-04-01,service-providing,18912,18912000
1939-05-01,service-providing,19001,19001000
1939-06-01,service-providing,19055,19055000
1939-07-01,service-providing,19115,19115000
1939-08-01,service-providing,19168,19168000
1939-09-01,service-providing,19339,19339000
1939-10-01,service-providing,19427,19427000
1939-11-01,service-providing,19463,19463000
1939-12-01,service-providing,19521,19521000
1940-01-01,service-providing,19630,19630000
1940-02-01,service-providing,19692,19692000
1940-03-01,service-providing,19801,19801000
1940-04-01,service-providing,19688,19688000
1940-05-01,service-providing,19841,19841000
1940-06-01,service-providing,19937,19937000
1940-07-01,service-providing,19984,19984000
1940-08-01,service-providing,20095,20095000
1940-09-01,service-providing,20245,20245000
1940-10-01,service-providing,20358,20358000
1940-11-01,service-providing,20463,20463000
1940-12-01,service-providing,20611,20611000
1941-01-01,service-providing,20710,20710000
1941-02-01,service-providing,20861,20861000
1941-03-01,service-providing,20983,20983000
1941-04-01,service-providing,21317,21317000
1941-05-01,service-providing,21462,21462000
1941-06-01,service-providing,21665,21665000
1941-07-01,service-providing,21873,21873000
1941-08-01,service-providing,22081,22081000
1941-09-01,service-providing,22193,22193000
1941-10-01,service-providing,22222,22222000
1941-11-01,service-providing,22278,22278000
1941-12-01,service-providing,22301,22301000
1942-01-01,service-providing,22439,22439000
1942-02-01,service-providing,22464,22464000
1942-03-01,service-providing,22568,22568000
1942-04-01,service-providing,22651,22651000
1942-05-01,service-providing,22771,22771000
1942-06-01,service-providing,22788,22788000
1942-07-01,service-providing,22888,22888000
1942-08-01,service-providing,23160,23160000
1942-09-01,service-providing,23242,23242000
1942-10-01,service-providing,23397,23397000
1942-11-01,service-providing,23454,23454000
1942-12-01,service-providing,23507,23507000
1943-01-01,service-providing,23602,23602000
1943-02-01,service-providing,23708,23708000
1943-03-01,service-providing,23769,23769000
1943-04-01,service-providing,23864,23864000
1943-05-01,service-providing,23857,23857000
1943-06-01,service-providing,23981,23981000
1943-07-01,service-providing,23924,23924000
1943-08-01,service-providing,23797,23797000
1943-09-01,service-providing,23819,23819000
1943-10-01,service-providing,23879,23879000
1943-11-01,service-providing,23960,23960000
1943-12-01,service-providing,23954,23954000
1944-01-01,service-providing,23945,23945000
1944-02-01,service-providing,23960,23960000
1944-03-01,service-providing,23945,23945000
1944-04-01,service-providing,23939,23939000
1944-05-01,service-providing,23954,23954000
1944-06-01,service-providing,24000,24000000
1944-07-01,service-providing,24044,24044000
1944-08-01,service-providing,24066,24066000
1944-09-01,service-providing,24067,24067000
1944-10-01,service-providing,24087,24087000
1944-11-01,service-providing,24147,24147000
1944-12-01,service-providing,24194,24194000
1945-01-01,service-providing,24190,24190000
1945-02-01,service-providing,24233,24233000
1945-03-01,service-providing,24256,24256000
1945-04-01,service-providing,24108,24108000
1945-05-01,service-providing,24145,24145000
1945-06-01,service-providing,24190,24190000
1945-07-01,service-providing,24263,24263000
1945-08-01,service-providing,24243,24243000
1945-09-01,service-providing,24021,24021000
1945-10-01,service-providing,24087,24087000
1945-11-01,service-providing,24297,24297000
1945-12-01,service-providing,24366,24366000
1946-01-01,service-providing,24798,24798000
1946-02-01,service-providing,24936,24936000
1946-03-01,service-providing,25178,25178000
1946-04-01,service-providing,25474,25474000
1946-05-01,service-providing,25474,25474000
1946-06-01,service-providing,25529,25529000
1946-07-01,service-providing,25692,25692000
1946-08-01,service-providing,25914,25914000
1946-09-01,service-providing,26003,26003000
1946-10-01,service-providing,26091,26091000
1946-11-01,service-providing,26238,26238000
1946-12-01,service-providing,26215,26215000
1947-01-01,service-providing,26322,26322000
1947-02-01,service-providing,26357,26357000
1947-03-01,service-providing,26411,26411000
1947-04-01,service-providing,26321,26321000
1947-05-01,service-providing,26462,26462000
1947-06-01,service-providing,26557,26557000
1947-07-01,service-providing,26637,26637000
1947-08-01,service-providing,26680,26680000
1947-09-01,service-providing,26805,26805000
1947-10-01,service-providing,26912,26912000
1947-11-01,service-providing,26967,26967000
1947-12-01,service-providing,27018,27018000
1948-01-01,service-providing,27054,27054000
1948-02-01,service-providing,27086,27086000
1948-03-01,service-providing,27139,27139000
1948-04-01,service-providing,27077,27077000
1948-05-01,service-providing,27288,27288000
1948-06-01,service-providing,27401,27401000
1948-07-01,service-providing,27511,27511000
1948-08-01,service-providing,27523,27523000
1948-09-01,service-providing,27553,27553000
1948-10-01,service-providing,27562,27562000
1948-11-01,service-providing,27593,27593000
1948-12-01,service-providing,27615,27615000
1949-01-01,service-providing,27498,27498000
1949-02-01,service-providing,27478,27478000
1949-03-01,service-providing,27392,27392000
1949-04-01,service-providing,27551,27551000
1949-05-01,service-providing,27492,27492000
1949-06-01,service-providing,27388,27388000
1949-07-01,service-providing,27309,27309000
1949-08-01,service-providing,27297,27297000
1949-09-01,service-providing,27377,27377000
1949-10-01,service-providing,27203,27203000
1949-11-01,service-providing,27202,27202000
1949-12-01,service-providing,27305,27305000
1950-01-01,service-providing,27271,27271000
1950-02-01,service-providing,27262,27262000
1950-03-01,service-providing,27472,27472000
1950-04-01,service-providing,27664,27664000
1950-05-01,service-providing,27638,27638000
1950-06-01,service-providing,27795,27795000
1950-07-01,service-providing,27990,27990000
1950-08-01,service-providing,28275,28275000
1950-09-01,service-providing,28398,28398000
1950-10-01,service-providing,28457,28457000
1950-11-01,service-providing,28488,28488000
1950-12-01,service-providing,28578,28578000
1951-01-01,service-providing,28770,28770000
1951-02-01,service-providing,28911,28911000
1951-03-01,service-providing,29119,29119000
1951-04-01,service-providing,29051,29051000
1951-05-01,service-providing,29123,29123000
1951-06-01,service-providing,29238,29238000
1951-07-01,service-providing,29314,29314000
1951-08-01,service-providing,29303,29303000
1951-09-01,service-providing,29332,29332000
1951-10-01,service-providing,29376,29376000
1951-11-01,service-providing,29530,29530000
1951-12-01,service-providing,29616,29616000
1952-01-01,service-providing,29577,29577000
1952-02-01,service-providing,29709,29709000
1952-03-01,service-providing,29729,29729000
1952-04-01,service-providing,29814,29814000
1952-05-01,service-providing,29858,29858000
1952-06-01,service-providing,29863,29863000
1952-07-01,service-providing,29875,29875000
1952-08-01,service-providing,29996,29996000
1952-09-01,service-providing,30114,30114000
1952-10-01,service-providing,30285,30285000
1952-11-01,service-providing,30343,30343000
1952-12-01,service-providing,30556,30556000
1953-01-01,service-providing,30423,30423000
1953-02-01,service-providing,30498,30498000
1953-03-01,service-providing,30564,30564000
1953-04-01,service-providing,30527,30527000
1953-05-01,service-providing,30560,30560000
1953-06-01,service-providing,30610,30610000
1953-07-01,service-providing,30626,30626000
1953-08-01,service-providing,30655,30655000
1953-09-01,service-providing,30642,30642000
1953-10-01,service-providing,30662,30662000
1953-11-01,service-providing,30593,30593000
1953-12-01,service-providing,30530,30530000
1954-01-01,service-providing,30506,30506000
1954-02-01,service-providing,30502,30502000
1954-03-01,service-providing,30409,30409000
1954-04-01,service-providing,30577,30577000
1954-05-01,service-providing,30489,30489000
1954-06-01,service-providing,30495,30495000
1954-07-01,service-providing,30555,30555000
1954-08-01,service-providing,30575,30575000
1954-09-01,service-providing,30625,30625000
1954-10-01,service-providing,30621,30621000
1954-11-01,service-providing,30742,30742000
1954-12-01,service-providing,30823,30823000
1955-01-01,service-providing,30887,30887000
1955-02-01,service-providing,30918,30918000
1955-03-01,service-providing,31052,31052000
1955-04-01,service-providing,31181,31181000
1955-05-01,service-providing,31289,31289000
1955-06-01,service-providing,31459,31459000
1955-07-01,service-providing,31611,31611000
1955-08-01,service-providing,31679,31679000
1955-09-01,service-providing,31839,31839000
1955-10-01,service-providing,31947,31947000
1955-11-01,service-providing,32038,32038000
1955-12-01,service-providing,32197,32197000
1956-01-01,service-providing,32310,32310000
1956-02-01,service-providing,32436,32436000
1956-03-01,service-providing,32603,32603000
1956-04-01,service-providing,32564,32564000
1956-05-01,service-providing,32681,32681000
1956-06-01,service-providing,32681,32681000
1956-07-01,service-providing,32565,32565000
1956-08-01,service-providing,32709,32709000
1956-09-01,service-providing,32744,32744000
1956-10-01,service-providing,32859,32859000
1956-11-01,service-providing,32935,32935000
1956-12-01,service-providing,33003,33003000
1957-01-01,service-providing,33054,33054000
1957-02-01,service-providing,33164,33164000
1957-03-01,service-providing,33220,33220000
1957-04-01,service-providing,33351,33351000
1957-05-01,service-providing,33316,33316000
1957-06-01,service-providing,33290,33290000
1957-07-01,service-providing,33388,33388000
1957-08-01,service-providing,33400,33400000
1957-09-01,service-providing,33389,33389000
1957-10-01,service-providing,33342,33342000
1957-11-01,service-providing,33298,33298000
1957-12-01,service-providing,33273,33273000
1958-01-01,service-providing,33174,33174000
1958-02-01,service-providing,33047,33047000
1958-03-01,service-providing,32964,32964000
1958-04-01,service-providing,32907,32907000
1958-05-01,service-providing,32906,32906000
1958-06-01,service-providing,32930,32930000
1958-07-01,service-providing,33001,33001000
1958-08-01,service-providing,33086,33086000
1958-09-01,service-providing,33175,33175000
1958-10-01,service-providing,33267,33267000
1958-11-01,service-providing,33334,33334000
1958-12-01,service-providing,33493,33493000
1959-01-01,service-providing,33682,33682000
1959-02-01,service-providing,33798,33798000
1959-03-01,service-providing,33945,33945000
1959-04-01,service-providing,34052,34052000
1959-05-01,service-providing,34172,34172000
1959-06-01,service-providing,34219,34219000
1959-07-01,service-providing,34275,34275000
1959-08-01,service-providing,34287,34287000
1959-09-01,service-providing,34376,34376000
1959-10-01,service-providing,34433,34433000
1959-11-01,service-providing,34526,34526000
1959-12-01,service-providing,34749,34749000
1960-01-01,service-providing,34783,34783000
1960-02-01,service-providing,34908,34908000
1960-03-01,service-providing,35081,35081000
1960-04-01,service-providing,35367,35367000
1960-05-01,service-providing,35101,35101000
1960-06-01,service-providing,35108,35108000
1960-07-01,service-providing,35136,35136000
1960-08-01,service-providing,35167,35167000
1960-09-01,service-providing,35170,35170000
1960-10-01,service-providing,35190,35190000
1960-11-01,service-providing,35162,35162000
1960-12-01,service-providing,35194,35194000
1961-01-01,service-providing,35175,35175000
1961-02-01,service-providing,35139,35139000
1961-03-01,service-providing,35221,35221000
1961-04-01,service-providing,35195,35195000
1961-05-01,service-providing,35263,35263000
1961-06-01,service-providing,35359,35359000
1961-07-01,service-providing,35483,35483000
1961-08-01,service-providing,35573,35573000
1961-09-01,service-providing,35658,35658000
1961-10-01,service-providing,35717,35717000
1961-11-01,service-providing,35815,35815000
1961-12-01,service-providing,35891,35891000
1962-01-01,service-providing,35955,35955000
1962-02-01,service-providing,36079,36079000
1962-03-01,service-providing,36166,36166000
1962-04-01,service-providing,36344,36344000
1962-05-01,service-providing,36375,36375000
1962-06-01,service-providing,36458,36458000
1962-07-01,service-providing,36498,36498000
1962-08-01,service-providing,36587,36587000
1962-09-01,service-providing,36673,36673000
1962-10-01,service-providing,36740,36740000
1962-11-01,service-providing,36796,36796000
1962-12-01,service-providing,36809,36809000
1963-01-01,service-providing,36858,36858000
1963-02-01,service-providing,37002,37002000
1963-03-01,service-providing,37087,37087000
1963-04-01,service-providing,37237,37237000
1963-05-01,service-providing,37217,37217000
1963-06-01,service-providing,37288,37288000
1963-07-01,service-providing,37371,37371000
1963-08-01,service-providing,37473,37473000
1963-09-01,service-providing,37595,37595000
1963-10-01,service-providing,37766,37766000
1963-11-01,service-providing,37799,37799000
1963-12-01,service-providing,37868,37868000
1964-01-01,service-providing,38081,38081000
1964-02-01,service-providing,38183,38183000
1964-03-01,service-providing,38310,38310000
1964-04-01,service-providing,38329,38329000
1964-05-01,service-providing,38459,38459000
1964-06-01,service-providing,38537,38537000
1964-07-01,service-providing,38672,38672000
1964-08-01,service-providing,38809,38809000
1964-09-01,service-providing,38960,38960000
1964-10-01,service-providing,39070,39070000
1964-11-01,service-providing,39192,39192000
1964-12-01,service-providing,39310,39310000
1965-01-01,service-providing,39409,39409000
1965-02-01,service-providing,39584,39584000
1965-03-01,service-providing,39711,39711000
1965-04-01,service-providing,39942,39942000
1965-05-01,service-providing,40047,40047000
1965-06-01,service-providing,40168,40168000
1965-07-01,service-providing,40354,40354000
1965-08-01,service-providing,40502,40502000
1965-09-01,service-providing,40682,40682000
1965-10-01,service-providing,40824,40824000
1965-11-01,service-providing,40975,40975000
1965-12-01,service-providing,41171,41171000
1966-01-01,service-providing,41315,41315000
1966-02-01,service-providing,41481,41481000
1966-03-01,service-providing,41677,41677000
1966-04-01,service-providing,41869,41869000
1966-05-01,service-providing,42037,42037000
1966-06-01,service-providing,42265,42265000
1966-07-01,service-providing,42429,42429000
1966-08-01,service-providing,42535,42535000
1966-09-01,service-providing,42695,42695000
1966-10-01,service-providing,42863,42863000
1966-11-01,service-providing,43031,43031000
1966-12-01,service-providing,43191,43191000
1967-01-01,service-providing,43350,43350000
1967-02-01,service-providing,43442,43442000
1967-03-01,service-providing,43611,43611000
1967-04-01,service-providing,43624,43624000
1967-05-01,service-providing,43841,43841000
1967-06-01,service-providing,43989,43989000
1967-07-01,service-providing,44116,44116000
1967-08-01,service-providing,44256,44256000
1967-09-01,service-providing,44389,44389000
1967-10-01,service-providing,44446,44446000
1967-11-01,service-providing,44707,44707000
1967-12-01,service-providing,44863,44863000
1968-01-01,service-providing,44887,44887000
1968-02-01,service-providing,45098,45098000
1968-03-01,service-providing,45176,45176000
1968-04-01,service-providing,45349,45349000
1968-05-01,service-providing,45397,45397000
1968-06-01,service-providing,45641,45641000
1968-07-01,service-providing,45797,45797000
1968-08-01,service-providing,45980,45980000
1968-09-01,service-providing,46094,46094000
1968-10-01,service-providing,46302,46302000
1968-11-01,service-providing,46472,46472000
1968-12-01,service-providing,46631,46631000
1969-01-01,service-providing,46795,46795000
1969-02-01,service-providing,46944,46944000
1969-03-01,service-providing,47092,47092000
1969-04-01,service-providing,47257,47257000
1969-05-01,service-providing,47429,47429000
1969-06-01,service-providing,47655,47655000
1969-07-01,service-providing,47739,47739000
1969-08-01,service-providing,47897,47897000
1969-09-01,service-providing,47926,47926000
1969-10-01,service-providing,48145,48145000
1969-11-01,service-providing,48246,48246000
1969-12-01,service-providing,48357,48357000
1970-01-01,service-providing,48450,48450000
1970-02-01,service-providing,48558,48558000
1970-03-01,service-providing,48713,48713000
1970-04-01,service-providing,48796,48796000
1970-05-01,service-providing,48788,48788000
1970-06-01,service-providing,48788,48788000
1970-07-01,service-providing,48858,48858000
1970-08-01,service-providing,48832,48832000
1970-09-01,service-providing,48956,48956000
1970-10-01,service-providing,49044,49044000
1970-11-01,service-providing,49064,49064000
1970-12-01,service-providing,49119,49119000
1971-01-01,service-providing,49271,49271000
1971-02-01,service-providing,49293,49293000
1971-03-01,service-providing,49369,49369000
1971-04-01,service-providing,49484,49484000
1971-05-01,service-providing,49602,49602000
1971-06-01,service-providing,49686,49686000
1971-07-01,service-providing,49751,49751000
1971-08-01,service-providing,49803,49803000
1971-09-01,service-providing,49964,49964000
1971-10-01,service-providing,50038,50038000
1971-11-01,service-providing,50163,50163000
1971-12-01,service-providing,50368,50368000
1972-01-01,service-providing,50576,50576000
1972-02-01,service-providing,50733,50733000
1972-03-01,service-providing,50908,50908000
1972-04-01,service-providing,51063,51063000
1972-05-01,service-providing,51247,51247000
1972-06-01,service-providing,51476,51476000
1972-07-01,service-providing,51547,51547000
1972-08-01,service-providing,51741,51741000
1972-09-01,service-providing,51808,51808000
1972-10-01,service-providing,52061,52061000
1972-11-01,service-providing,52285,52285000
1972-12-01,service-providing,52496,52496000
1973-01-01,service-providing,52662,52662000
1973-02-01,service-providing,52854,52854000
1973-03-01,service-providing,53022,53022000
1973-04-01,service-providing,53139,53139000
1973-05-01,service-providing,53266,53266000
1973-06-01,service-providing,53402,53402000
1973-07-01,service-providing,53391,53391000
1973-08-01,service-providing,53609,53609000
1973-09-01,service-providing,53728,53728000
1973-10-01,service-providing,53966,53966000
1973-11-01,service-providing,54201,54201000
1973-12-01,service-providing,54252,54252000
1974-01-01,service-providing,54391,54391000
1974-02-01,service-providing,54536,54536000
1974-03-01,service-providing,54609,54609000
1974-04-01,service-providing,54712,54712000
1974-05-01,service-providing,54914,54914000
1974-06-01,service-providing,55013,55013000
1974-07-01,service-providing,55174,55174000
1974-08-01,service-providing,55223,55223000
1974-09-01,service-providing,55336,55336000
1974-10-01,service-providing,55512,55512000
1974-11-01,service-providing,55492,55492000
1974-12-01,service-providing,55349,55349000
1975-01-01,service-providing,55319,55319000
1975-02-01,service-providing,55406,55406000
1975-03-01,service-providing,55374,55374000
1975-04-01,service-providing,55351,55351000
1975-05-01,service-providing,55527,55527000
1975-06-01,service-providing,55503,55503000
1975-07-01,service-providing,55789,55789000
1975-08-01,service-providing,55977,55977000
1975-09-01,service-providing,55944,55944000
1975-10-01,service-providing,56156,56156000
1975-11-01,service-providing,56243,56243000
1975-12-01,service-providing,56415,56415000
1976-01-01,service-providing,56704,56704000
1976-02-01,service-providing,56923,56923000
1976-03-01,service-providing,57068,57068000
1976-04-01,service-providing,57242,57242000
1976-05-01,service-providing,57324,57324000
1976-06-01,service-providing,57394,57394000
1976-07-01,service-providing,57559,57559000
1976-08-01,service-providing,57666,57666000
1976-09-01,service-providing,57750,57750000
1976-10-01,service-providing,57874,57874000
1976-11-01,service-providing,58033,58033000
1976-12-01,service-providing,58187,58187000
1977-01-01,service-providing,58370,58370000
1977-02-01,service-providing,58510,58510000
1977-03-01,service-providing,58719,58719000
1977-04-01,service-providing,58921,58921000
1977-05-01,service-providing,59169,59169000
1977-06-01,service-providing,59442,59442000
1977-07-01,service-providing,59728,59728000
1977-08-01,service-providing,59951,59951000
1977-09-01,service-providing,60288,60288000
1977-10-01,service-providing,60521,60521000
1977-11-01,service-providing,60802,60802000
1977-12-01,service-providing,61039,61039000
1978-01-01,service-providing,61220,61220000
1978-02-01,service-providing,61495,61495000
1978-03-01,service-providing,61811,61811000
1978-04-01,service-providing,62154,62154000
1978-05-01,service-providing,62427,62427000
1978-06-01,service-providing,62712,62712000
1978-07-01,service-providing,62904,62904000
1978-08-01,service-providing,63109,63109000
1978-09-01,service-providing,63177,63177000
1978-10-01,service-providing,63408,63408000
1978-11-01,service-providing,63713,63713000
1978-12-01,service-providing,63913,63913000
1979-01-01,service-providing,64068,64068000
1979-02-01,service-providing,64271,64271000
1979-03-01,service-providing,64481,64481000
1979-04-01,service-providing,64459,64459000
1979-05-01,service-providing,64718,64718000
1979-06-01,service-providing,64947,64947000
1979-07-01,service-providing,65054,65054000
1979-08-01,service-providing,65241,65241000
1979-09-01,service-providing,65239,65239000
1979-10-01,service-providing,65443,65443000
1979-11-01,service-providing,65626,65626000
1979-12-01,service-providing,65702,65702000
1980-01-01,service-providing,65851,65851000
1980-02-01,service-providing,66009,66009000
1980-03-01,service-providing,66176,66176000
1980-04-01,service-providing,66342,66342000
1980-05-01,service-providing,66186,66186000
1980-06-01,service-providing,66133,66133000
1980-07-01,service-providing,66142,66142000
1980-08-01,service-providing,66239,66239000
1980-09-01,service-providing,66282,66282000
1980-10-01,service-providing,66478,66478000
1980-11-01,service-providing,66624,66624000
1980-12-01,service-providing,66761,66761000
1981-01-01,service-providing,66881,66881000
1981-02-01,service-providing,66987,66987000
1981-03-01,service-providing,67007,67007000
1981-04-01,service-providing,67132,67132000
1981-05-01,service-providing,67148,67148000
1981-06-01,service-providing,67200,67200000
1981-07-01,service-providing,67299,67299000
1981-08-01,service-providing,67307,67307000
1981-09-01,service-providing,67267,67267000
1981-10-01,service-providing,67329,67329000
1981-11-01,service-providing,67296,67296000
1981-12-01,service-providing,67239,67239000
1982-01-01,service-providing,67203,67203000
1982-02-01,service-providing,67202,67202000
1982-03-01,service-providing,67220,67220000
1982-04-01,service-providing,67154,67154000
1982-05-01,service-providing,67223,67223000
1982-06-01,service-providing,67222,67222000
1982-07-01,service-providing,67087,67087000
1982-08-01,service-providing,67095,67095000
1982-09-01,service-providing,67037,67037000
1982-10-01,service-providing,67028,67028000
1982-11-01,service-providing,67050,67050000
1982-12-01,service-providing,67083,67083000
1983-01-01,service-providing,67233,67233000
1983-02-01,service-providing,67241,67241000
1983-03-01,service-providing,67441,67441000
1983-04-01,service-providing,67635,67635000
1983-05-01,service-providing,67815,67815000
1983-06-01,service-providing,68072,68072000
1983-07-01,service-providing,68334,68334000
1983-08-01,service-providing,67922,67922000
1983-09-01,service-providing,68866,68866000
1983-10-01,service-providing,68974,68974000
1983-11-01,service-providing,69177,69177000
1983-12-01,service-providing,69427,69427000
1984-01-01,service-providing,69731,69731000
1984-02-01,service-providing,70011,70011000
1984-03-01,service-providing,70220,70220000
1984-04-01,service-providing,70487,70487000
1984-05-01,service-providing,70709,70709000
1984-06-01,service-providing,70982,70982000
1984-07-01,service-providing,71218,71218000
1984-08-01,service-providing,71424,71424000
1984-09-01,service-providing,71727,71727000
1984-10-01,service-providing,72003,72003000
1984-11-01,service-providing,72343,72343000
1984-12-01,service-providing,72434,72434000
1985-01-01,service-providing,72700,72700000
1985-02-01,service-providing,72882,72882000
1985-03-01,service-providing,73181,73181000
1985-04-01,service-providing,73394,73394000
1985-05-01,service-providing,73680,73680000
1985-06-01,service-providing,73867,73867000
1985-07-01,service-providing,74099,74099000
1985-08-01,service-providing,74294,74294000
1985-09-01,service-providing,74517,74517000
1985-10-01,service-providing,74704,74704000
1985-11-01,service-providing,74923,74923000
1985-12-01,service-providing,75091,75091000
1986-01-01,service-providing,75202,75202000
1986-02-01,service-providing,75362,75362000
1986-03-01,service-providing,75506,75506000
1986-04-01,service-providing,75694,75694000
1986-05-01,service-providing,75899,75899000
1986-06-01,service-providing,75892,75892000
1986-07-01,service-providing,76238,76238000
1986-08-01,service-providing,76363,76363000
1986-09-01,service-providing,76718,76718000
1986-10-01,service-providing,76913,76913000
1986-11-01,service-providing,77104,77104000
1986-12-01,service-providing,77272,77272000
1987-01-01,service-providing,77446,77446000
1987-02-01,service-providing,77623,77623000
1987-03-01,service-providing,77857,77857000
1987-04-01,service-providing,78157,78157000
1987-05-01,service-providing,78338,78338000
1987-06-01,service-providing,78510,78510000
1987-07-01,service-providing,78792,78792000
1987-08-01,service-providing,78914,78914000
1987-09-01,service-providing,79081,79081000
1987-10-01,service-providing,79483,79483000
1987-11-01,service-providing,79661,79661000
1987-12-01,service-providing,79889,79889000
1988-01-01,service-providing,80085,80085000
1988-02-01,service-providing,80445,80445000
1988-03-01,service-providing,80665,80665000
1988-04-01,service-providing,80852,80852000
1988-05-01,service-providing,81066,81066000
1988-06-01,service-providing,81375,81375000
1988-07-01,service-providing,81584,81584000
1988-08-01,service-providing,81748,81748000
1988-09-01,service-providing,82071,82071000
1988-10-01,service-providing,82289,82289000
1988-11-01,service-providing,82587,82587000
1988-12-01,service-providing,82844,82844000
1989-01-01,service-providing,83064,83064000
1989-02-01,service-providing,83347,83347000
1989-03-01,service-providing,83552,83552000
1989-04-01,service-providing,83691,83691000
1989-05-01,service-providing,83824,83824000
1989-06-01,service-providing,83975,83975000
1989-07-01,service-providing,84042,84042000
1989-08-01,service-providing,84072,84072000
1989-09-01,service-providing,84369,84369000
1989-10-01,service-providing,84479,84479000
1989-11-01,service-providing,84743,84743000
1989-12-01,service-providing,84887,84887000
1990-01-01,service-providing,85217,85217000
1990-02-01,service-providing,85364,85364000
1990-03-01,service-providing,85621,85621000
1990-04-01,service-providing,85720,85720000
1990-05-01,service-providing,85951,85951000
1990-06-01,service-providing,86007,86007000
1990-07-01,service-providing,86078,86078000
1990-08-01,service-providing,85968,85968000
1990-09-01,service-providing,85947,85947000
1990-10-01,service-providing,85894,85894000
1990-11-01,service-providing,85931,85931000
1990-12-01,service-providing,85963,85963000
1991-01-01,service-providing,85994,85994000
1991-02-01,service-providing,85834,85834000
1991-03-01,service-providing,85795,85795000
1991-04-01,service-providing,85677,85677000
1991-05-01,service-providing,85631,85631000
1991-06-01,service-providing,85763,85763000
1991-07-01,service-providing,85785,85785000
1991-08-01,service-providing,85817,85817000
1991-09-01,service-providing,85870,85870000
1991-10-01,service-providing,85939,85939000
1991-11-01,service-providing,85980,85980000
1991-12-01,service-providing,86054,86054000
1992-01-01,service-providing,86156,86156000
1992-02-01,service-providing,86169,86169000
1992-03-01,service-providing,86238,86238000
1992-04-01,service-providing,86387,86387000
1992-05-01,service-providing,86514,86514000
1992-06-01,service-providing,86618,86618000
1992-07-01,service-providing,86719,86719000
1992-08-01,service-providing,86880,86880000
1992-09-01,service-providing,86939,86939000
1992-10-01,service-providing,87110,87110000
1992-11-01,service-providing,87230,87230000
1992-12-01,service-providing,87419,87419000
1993-01-01,service-providing,87661,87661000
1993-02-01,service-providing,87856,87856000
1993-03-01,service-providing,87852,87852000
1993-04-01,service-providing,88165,88165000
1993-05-01,service-providing,88379,88379000
1993-06-01,service-providing,88584,88584000
1993-07-01,service-providing,88872,88872000
1993-08-01,service-providing,89003,89003000
1993-09-01,service-providing,89196,89196000
1993-10-01,service-providing,89427,89427000
1993-11-01,service-providing,89637,89637000
1993-12-01,service-providing,89901,89901000
1994-01-01,service-providing,90130,90130000
1994-02-01,service-providing,90330,90330000
1994-03-01,service-providing,90692,90692000
1994-04-01,service-providing,90945,90945000
1994-05-01,service-providing,91217,91217000
1994-06-01,service-providing,91474,91474000
1994-07-01,service-providing,91803,91803000
1994-08-01,service-providing,92020,92020000
1994-09-01,service-providing,92299,92299000
1994-10-01,service-providing,92484,92484000
1994-11-01,service-providing,92819,92819000
1994-12-01,service-providing,93070,93070000
1995-01-01,service-providing,93354,93354000
1995-02-01,service-providing,93594,93594000
1995-03-01,service-providing,93756,93756000
1995-04-01,service-providing,93895,93895000
1995-05-01,service-providing,93929,93929000
1995-06-01,service-providing,94149,94149000
1995-07-01,service-providing,94261,94261000
1995-08-01,service-providing,94470,94470000
1995-09-01,service-providing,94667,94667000
1995-10-01,service-providing,94825,94825000
1995-11-01,service-providing,94975,94975000
1995-12-01,service-providing,95111,95111000
1996-01-01,service-providing,95120,95120000
1996-02-01,service-providing,95459,95459000
1996-03-01,service-providing,95717,95717000
1996-04-01,service-providing,95842,95842000
1996-05-01,service-providing,96128,96128000
1996-06-01,service-providing,96370,96370000
1996-07-01,service-providing,96597,96597000
1996-08-01,service-providing,96720,96720000
1996-09-01,service-providing,96913,96913000
1996-10-01,service-providing,97119,97119000
1996-11-01,service-providing,97377,97377000
1996-12-01,service-providing,97545,97545000
1997-01-01,service-providing,97745,97745000
1997-02-01,service-providing,97989,97989000
1997-03-01,service-providing,98251,98251000
1997-04-01,service-providing,98521,98521000
1997-05-01,service-providing,98737,98737000
1997-06-01,service-providing,98980,98980000
1997-07-01,service-providing,99249,99249000
1997-08-01,service-providing,99141,99141000
1997-09-01,service-providing,99589,99589000
1997-10-01,service-providing,99876,99876000
1997-11-01,service-providing,100123,100123000
1997-12-01,service-providing,100365,100365000
1998-01-01,service-providing,100550,100550000
1998-02-01,service-providing,100733,100733000
1998-03-01,service-providing,100900,100900000
1998-04-01,service-providing,101102,101102000
1998-05-01,service-providing,101483,101483000
1998-06-01,service-providing,101689,101689000
1998-07-01,service-providing,101967,101967000
1998-08-01,service-providing,102124,102124000
1998-09-01,service-providing,102333,102333000
1998-10-01,service-providing,102548,102548000
1998-11-01,service-providing,102837,102837000
1998-12-01,service-providing,103142,103142000
1999-01-01,service-providing,103301,103301000
1999-02-01,service-providing,103686,103686000
1999-03-01,service-providing,103849,103849000
1999-04-01,service-providing,104172,104172000
1999-05-01,service-providing,104363,104363000
1999-06-01,service-providing,104655,104655000
1999-07-01,service-providing,104940,104940000
1999-08-01,service-providing,105102,105102000
1999-09-01,service-providing,105287,105287000
1999-10-01,service-providing,105672,105672000
1999-11-01,service-providing,105905,105905000
1999-12-01,service-providing,106190,106190000
2000-01-01,service-providing,106377,106377000
2000-02-01,service-providing,106515,106515000
2000-03-01,service-providing,106891,106891000
2000-04-01,service-providing,107200,107200000
2000-05-01,service-providing,107458,107458000
2000-06-01,service-providing,107389,107389000
2000-07-01,service-providing,107519,107519000
2000-08-01,service-providing,107547,107547000
2000-09-01,service-providing,107711,107711000
2000-10-01,service-providing,107713,107713000
2000-11-01,service-providing,107933,107933000
2000-12-01,service-providing,108134,108134000
2001-01-01,service-providing,108165,108165000
2001-02-01,service-providing,108315,108315000
2001-03-01,service-providing,108338,108338000
2001-04-01,service-providing,108209,108209000
2001-05-01,service-providing,108291,108291000
2001-06-01,service-providing,108334,108334000
2001-07-01,service-providing,108340,108340000
2001-08-01,service-providing,108361,108361000
2001-09-01,service-providing,108234,108234000
2001-10-01,service-providing,108076,108076000
2001-11-01,service-providing,107933,107933000
2001-12-01,service-providing,107888,107888000
2002-01-01,service-providing,107891,107891000
2002-02-01,service-providing,107860,107860000
2002-03-01,service-providing,107931,107931000
2002-04-01,service-providing,107934,107934000
2002-05-01,service-providing,108030,108030000
2002-06-01,service-providing,108106,108106000
2002-07-01,service-providing,108069,108069000
2002-08-01,service-providing,108138,108138000
2002-09-01,service-providing,108104,108104000
2002-10-01,service-providing,108303,108303000
2002-11-01,service-providing,108333,108333000
2002-12-01,service-providing,108283,108283000
2003-01-01,service-providing,108434,108434000
2003-02-01,service-providing,108421,108421000
2003-03-01,service-providing,108287,108287000
2003-04-01,service-providing,108313,108313000
2003-05-01,service-providing,108364,108364000
2003-06-01,service-providing,108406,108406000
2003-07-01,service-providing,108483,108483000
2003-08-01,service-providing,108443,108443000
2003-09-01,service-providing,108554,108554000
2003-10-01,service-providing,108763,108763000
2003-11-01,service-providing,108786,108786000
2003-12-01,service-providing,108885,108885000
2004-01-01,service-providing,109054,109054000
2004-02-01,service-providing,109132,109132000
2004-03-01,service-providing,109384,109384000
2004-04-01,service-providing,109609,109609000
2004-05-01,service-providing,109813,109813000
2004-06-01,service-providing,109908,109908000
2004-07-01,service-providing,109948,109948000
2004-08-01,service-providing,109993,109993000
2004-09-01,service-providing,110136,110136000
2004-10-01,service-providing,110443,110443000
2004-11-01,service-providing,110506,110506000
2004-12-01,service-providing,110619,110619000
2005-01-01,service-providing,110816,110816000
2005-02-01,service-providing,110996,110996000
2005-03-01,service-providing,111090,111090000
2005-04-01,service-providing,111382,111382000
2005-05-01,service-providing,111518,111518000
2005-06-01,service-providing,111757,111757000
2005-07-01,service-providing,112091,112091000
2005-08-01,service-providing,112270,112270000
2005-09-01,service-providing,112340,112340000
2005-10-01,service-providing,112363,112363000
2005-11-01,service-providing,112636,112636000
2005-12-01,service-providing,112773,112773000
2006-01-01,service-providing,112962,112962000
2006-02-01,service-providing,113202,113202000
2006-03-01,service-providing,113475,113475000
2006-04-01,service-providing,113574,113574000
2006-05-01,service-providing,113647,113647000
2006-06-01,service-providing,113727,113727000
2006-07-01,service-providing,113930,113930000
2006-08-01,service-providing,114122,114122000
2006-09-01,service-providing,114306,114306000
2006-10-01,service-providing,114396,114396000
2006-11-01,service-providing,114655,114655000
2006-12-01,service-providing,114844,114844000
2007-01-01,service-providing,115038,115038000
2007-02-01,service-providing,115224,115224000
2007-03-01,service-providing,115402,115402000
2007-04-01,service-providing,115492,115492000
2007-05-01,service-providing,115670,115670000
2007-06-01,service-providing,115746,115746000
2007-07-01,service-providing,115761,115761000
2007-08-01,service-providing,115850,115850000
2007-09-01,service-providing,116002,116002000
2007-10-01,service-providing,116118,116118000
2007-11-01,service-providing,116269,116269000
2007-12-01,service-providing,116416,116416000
2008-01-01,service-providing,116456,116456000
2008-02-01,service-providing,116427,116427000
2008-03-01,service-providing,116455,116455000
2008-04-01,service-providing,116354,116354000
2008-05-01,service-providing,116259,116259000
2008-06-01,service-providing,116204,116204000
2008-07-01,service-providing,116131,116131000
2008-08-01,service-providing,115963,115963000
2008-09-01,service-providing,115652,115652000
2008-10-01,service-providing,115377,115377000
2008-11-01,service-providing,114922,114922000
2008-12-01,service-providing,114517,114517000
2009-01-01,service-providing,114166,114166000
2009-02-01,service-providing,113737,113737000
2009-03-01,service-providing,113285,113285000
2009-04-01,service-providing,112923,112923000
2009-05-01,service-providing,112820,112820000
2009-06-01,service-providing,112586,112586000
2009-07-01,service-providing,112390,112390000
2009-08-01,service-providing,112334,112334000
2009-09-01,service-providing,112201,112201000
2009-10-01,service-providing,112130,112130000
2009-11-01,service-providing,112188,112188000
2009-12-01,service-providing,111996,111996000
2010-01-01,service-providing,112083,112083000
2010-02-01,service-providing,112071,112071000
2010-03-01,service-providing,112207,112207000
2010-04-01,service-providing,112381,112381000
2010-05-01,service-providing,112908,112908000
2010-06-01,service-providing,112748,112748000
2010-07-01,service-providing,112650,112650000
2010-08-01,service-providing,112629,112629000
2010-09-01,service-providing,112570,112570000
2010-10-01,service-providing,112824,112824000
2010-11-01,service-providing,112923,112923000
2010-12-01,service-providing,113026,113026000
2011-01-01,service-providing,113057,113057000
2011-02-01,service-providing,113209,113209000
2011-03-01,service-providing,113382,113382000
2011-04-01,service-providing,113645,113645000
2011-05-01,service-providing,113696,113696000
2011-06-01,service-providing,113894,113894000
2011-07-01,service-providing,113905,113905000
2011-08-01,service-providing,114005,114005000
2011-09-01,service-providing,114191,114191000
2011-10-01,service-providing,114374,114374000
2011-11-01,service-providing,114507,114507000
2011-12-01,service-providing,114652,114652000
2012-01-01,service-providing,114946,114946000
2012-02-01,service-providing,115178,115178000
2012-03-01,service-providing,115380,115380000
2012-04-01,service-providing,115450,115450000
2012-05-01,service-providing,115548,115548000
2012-06-01,service-providing,115596,115596000
2012-07-01,service-providing,115712,115712000
2012-08-01,service-providing,115872,115872000
2012-09-01,service-providing,116057,116057000
2012-10-01,service-providing,116205,116205000
2012-11-01,service-providing,116356,116356000
2012-12-01,service-providing,116540,116540000
2013-01-01,service-providing,116683,116683000
2013-02-01,service-providing,116903,116903000
2013-03-01,service-providing,117020,117020000
2013-04-01,service-providing,117218,117218000
2013-05-01,service-providing,117402,117402000
2013-06-01,service-providing,117550,117550000
2013-07-01,service-providing,117681,117681000
2013-08-01,service-providing,117872,117872000
2013-09-01,service-providing,118005,118005000
2013-10-01,service-providing,118183,118183000
2013-11-01,service-providing,118393,118393000
2013-12-01,service-providing,118492,118492000
2014-01-01,service-providing,118611,118611000
2014-02-01,service-providing,118726,118726000
2014-03-01,service-providing,118931,118931000
2014-04-01,service-providing,119189,119189000
2014-05-01,service-providing,119369,119369000
2014-06-01,service-providing,119642,119642000
2014-07-01,service-providing,119805,119805000
2014-08-01,service-providing,119941,119941000
2014-09-01,service-providing,120195,120195000
2014-10-01,service-providing,120399,120399000
2014-11-01,service-providing,120653,120653000
2014-12-01,service-providing,120896,120896000
2015-01-01,service-providing,121068,121068000
2015-02-01,service-providing,121302,121302000
2015-03-01,service-providing,121405,121405000
2015-04-01,service-providing,121641,121641000
2015-05-01,service-providing,121945,121945000
2015-06-01,service-providing,122108,122108000
2015-07-01,service-providing,122375,122375000
2015-08-01,service-providing,122497,122497000
2015-09-01,service-providing,122640,122640000
2015-10-01,service-providing,122907,122907000
2015-11-01,service-providing,123113,123113000
2015-12-01,service-providing,123359,123359000
2016-01-01,service-providing,123459,123459000
2016-02-01,service-providing,123701,123701000
2016-03-01,service-providing,123943,123943000
2016-04-01,service-providing,124119,124119000
2016-05-01,service-providing,124205,124205000
2016-06-01,service-providing,124443,124443000
2016-07-01,service-providing,124763,124763000
2016-08-01,service-providing,124933,124933000
2016-09-01,service-providing,125193,125193000
2016-10-01,service-providing,125283,125283000
2016-11-01,service-providing,125389,125389000
2016-12-01,service-providing,125593,125593000
2017-01-01,service-providing,125774,125774000
2017-02-01,service-providing,125902,125902000
2017-03-01,service-providing,126006,126006000
2017-04-01,service-providing,126179,126179000
2017-05-01,service-providing,126373,126373000
2017-06-01,service-providing,126523,126523000
2017-07-01,service-providing,126696,126696000
2017-08-01,service-providing,126759,126759000
2017-09-01,service-providing,126835,126835000
2017-10-01,service-providing,126944,126944000
2017-11-01,service-providing,127087,127087000
2017-12-01,service-providing,127213,127213000
2018-01-01,service-providing,127306,127306000
2018-02-01,service-providing,127591,127591000
2018-03-01,service-providing,127774,127774000
2018-04-01,service-providing,127892,127892000
2018-05-01,service-providing,128143,128143000
2018-06-01,service-providing,128268,128268000
2018-07-01,service-providing,128288,128288000
2018-08-01,service-providing,128460,128460000
2018-09-01,service-providing,128476,128476000
2018-10-01,service-providing,128585,128585000
2018-11-01,service-providing,128683,128683000
2018-12-01,service-providing,128891,128891000
2019-01-01,service-providing,129101,129101000
2019-02-01,service-providing,129162,129162000
2019-03-01,service-providing,129365,129365000
2019-04-01,service-providing,129604,129604000
2019-05-01,service-providing,129670,129670000
2019-06-01,service-providing,129769,129769000
2019-07-01,service-providing,129837,129837000
2019-08-01,service-providing,130004,130004000
2019-09-01,service-providing,130164,130164000
2019-10-01,service-providing,130309,130309000
2019-11-01,service-providing,130534,130534000
2019-12-01,service-providing,130772,130772000
2020-01-01,service-providing,131083,131083000
2020-02-01,service-providing,131409,131409000
2020-03-01,service-providing,130067,130067000
2020-04-01,service-providing,111959,111959000
2020-05-01,service-providing,113897,113897000
2020-06-01,service-providing,117923,117923000
2020-07-01,service-providing,119255,119255000
2020-08-01,service-providing,120878,120878000
2020-09-01,service-providing,121733,121733000
2020-10-01,service-providing,122306,122306000
2020-11-01,service-providing,122588,122588000
2020-12-01,service-providing,122396,122396000
2021-01-01,service-providing,122927,122927000
2021-02-01,service-providing,123655,123655000
2021-03-01,service-providing,124204,124204000
2021-04-01,service-providing,124507,124507000
2021-05-01,service-providing,124932,124932000
2021-06-01,service-providing,125466,125466000
2021-07-01,service-providing,126073,126073000
2021-08-01,service-providing,126542,126542000
2021-09-01,service-providing,126912,126912000
2021-10-01,service-providing,127506,127506000
2021-11-01,service-providing,128054,128054000
2021-12-01,service-providing,128549,128549000
2022-01-01,service-providing,129021,129021000
2022-02-01,service-providing,129621,129621000
2022-03-01,service-providing,129934,129934000
2022-04-01,service-providing,130238,130238000
2022-05-01,service-providing,130563,130563000
2022-06-01,service-providing,130813,130813000
2022-07-01,service-providing,131287,131287000
2022-08-01,service-providing,131567,131567000
2022-09-01,service-providing,131786,131786000
1939-01-01,goods-producing,11098,11098000
1939-02-01,goods-producing,11221,11221000
1939-03-01,goods-producing,11383,11383000
1939-04-01,goods-producing,11182,11182000
1939-05-01,goods-producing,11298,11298000
1939-06-01,goods-producing,11447,11447000
1939-07-01,goods-producing,11304,11304000
1939-08-01,goods-producing,11495,11495000
1939-09-01,goods-producing,11692,11692000
1939-10-01,goods-producing,11984,11984000
1939-11-01,goods-producing,12007,12007000
1939-12-01,goods-producing,12021,12021000
1940-01-01,goods-producing,11973,11973000
1940-02-01,goods-producing,12023,12023000
1940-03-01,goods-producing,12024,12024000
1940-04-01,goods-producing,12013,12013000
1940-05-01,goods-producing,12038,12038000
1940-06-01,goods-producing,12040,12040000
1940-07-01,goods-producing,11958,11958000
1940-08-01,goods-producing,12257,12257000
1940-09-01,goods-producing,12565,12565000
1940-10-01,goods-producing,12909,12909000
1940-11-01,goods-producing,13206,13206000
1940-12-01,goods-producing,13563,13563000
1941-01-01,goods-producing,13771,13771000
1941-02-01,goods-producing,13982,13982000
1941-03-01,goods-producing,14109,14109000
1941-04-01,goods-producing,14151,14151000
1941-05-01,goods-producing,14720,14720000
1941-06-01,goods-producing,14985,14985000
1941-07-01,goods-producing,15264,15264000
1941-08-01,goods-producing,15463,15463000
1941-09-01,goods-producing,15642,15642000
1941-10-01,goods-producing,15727,15727000
1941-11-01,goods-producing,15746,15746000
1941-12-01,goods-producing,15803,15803000
1942-01-01,goods-producing,15908,15908000
1942-02-01,goods-producing,16048,16048000
1942-03-01,goods-producing,16367,16367000
1942-04-01,goods-producing,16701,16701000
1942-05-01,goods-producing,17000,17000000
1942-06-01,goods-producing,17241,17241000
1942-07-01,goods-producing,17584,17584000
1942-08-01,goods-producing,17828,17828000
1942-09-01,goods-producing,18017,18017000
1942-10-01,goods-producing,18118,18118000
1942-11-01,goods-producing,18220,18220000
1942-12-01,goods-producing,18408,18408000
1943-01-01,goods-producing,18570,18570000
1943-02-01,goods-producing,18685,18685000
1943-03-01,goods-producing,18783,18783000
1943-04-01,goods-producing,18783,18783000
1943-05-01,goods-producing,18739,18739000
1943-06-01,goods-producing,18800,18800000
1943-07-01,goods-producing,18776,18776000
1943-08-01,goods-producing,18749,18749000
1943-09-01,goods-producing,18673,18673000
1943-10-01,goods-producing,18796,18796000
1943-11-01,goods-producing,18861,18861000
1943-12-01,goods-producing,18792,18792000
1944-01-01,goods-producing,18709,18709000
1944-02-01,goods-producing,18578,18578000
1944-03-01,goods-producing,18349,18349000
1944-04-01,goods-producing,18124,18124000
1944-05-01,goods-producing,18031,18031000
1944-06-01,goods-producing,17947,17947000
1944-07-01,goods-producing,17860,17860000
1944-08-01,goods-producing,17784,17784000
1944-09-01,goods-producing,17612,17612000
1944-10-01,goods-producing,17621,17621000
1944-11-01,goods-producing,17564,17564000
1944-12-01,goods-producing,17666,17666000
1945-01-01,goods-producing,17705,17705000
1945-02-01,goods-producing,17664,17664000
1945-03-01,goods-producing,17542,17542000
1945-04-01,goods-producing,17338,17338000
1945-05-01,goods-producing,17159,17159000
1945-06-01,goods-producing,16959,16959000
1945-07-01,goods-producing,16611,16611000
1945-08-01,goods-producing,16223,16223000
1945-09-01,goods-producing,14486,14486000
1945-10-01,goods-producing,14513,14513000
1945-11-01,goods-producing,14699,14699000
1945-12-01,goods-producing,14744,14744000
1946-01-01,goods-producing,15031,15031000
1946-02-01,goods-producing,14308,14308000
1946-03-01,goods-producing,15017,15017000
1946-04-01,goods-producing,15439,15439000
1946-05-01,goods-producing,15875,15875000
1946-06-01,goods-producing,16206,16206000
1946-07-01,goods-producing,16461,16461000
1946-08-01,goods-producing,16728,16728000
1946-09-01,goods-producing,16912,16912000
1946-10-01,goods-producing,17002,17002000
1946-11-01,goods-producing,17157,17157000
1946-12-01,goods-producing,17164,17164000
1947-01-01,goods-producing,17213,17213000
1947-02-01,goods-producing,17200,17200000
1947-03-01,goods-producing,17196,17196000
1947-04-01,goods-producing,17178,17178000
1947-05-01,goods-producing,17176,17176000
1947-06-01,goods-producing,17253,17253000
1947-07-01,goods-producing,17106,17106000
1947-08-01,goods-producing,17280,17280000
1947-09-01,goods-producing,17398,17398000
1947-10-01,goods-producing,17499,17499000
1947-11-01,goods-producing,17517,17517000
1947-12-01,goods-producing,17563,17563000
1948-01-01,goods-producing,17625,17625000
1948-02-01,goods-producing,17447,17447000
1948-03-01,goods-producing,17544,17544000
1948-04-01,goods-producing,17302,17302000
1948-05-01,goods-producing,17508,17508000
1948-06-01,goods-producing,17633,17633000
1948-07-01,goods-producing,17649,17649000
1948-08-01,goods-producing,17655,17655000
1948-09-01,goods-producing,17741,17741000
1948-10-01,goods-producing,17683,17683000
1948-11-01,goods-producing,17599,17599000
1948-12-01,goods-producing,17417,17417000
1949-01-01,goods-producing,17170,17170000
1949-02-01,goods-producing,17019,17019000
1949-03-01,goods-producing,16848,16848000
1949-04-01,goods-producing,16685,16685000
1949-05-01,goods-producing,16492,16492000
1949-06-01,goods-producing,16351,16351000
1949-07-01,goods-producing,16222,16222000
1949-08-01,goods-producing,16327,16327000
1949-09-01,goods-producing,16403,16403000
1949-10-01,goods-producing,15739,15739000
1949-11-01,goods-producing,16040,16040000
1949-12-01,goods-producing,16217,16217000
1950-01-01,goods-producing,16255,16255000
1950-02-01,goods-producing,16035,16035000
1950-03-01,goods-producing,16482,16482000
1950-04-01,goods-producing,16718,16718000
1950-05-01,goods-producing,17080,17080000
1950-06-01,goods-producing,17288,17288000
1950-07-01,goods-producing,17464,17464000
1950-08-01,goods-producing,17917,17917000
1950-09-01,goods-producing,18040,18040000
1950-10-01,goods-producing,18249,18249000
1950-11-01,goods-producing,18288,18288000
1950-12-01,goods-producing,18283,18283000
1951-01-01,goods-producing,18518,18518000
1951-02-01,goods-producing,18666,18666000
1951-03-01,goods-producing,18754,18754000
1951-04-01,goods-producing,18810,18810000
1951-05-01,goods-producing,18829,18829000
1951-06-01,goods-producing,18826,18826000
1951-07-01,goods-producing,18747,18747000
1951-08-01,goods-producing,18709,18709000
1951-09-01,goods-producing,18622,18622000
1951-10-01,goods-producing,18630,18630000
1951-11-01,goods-producing,18617,18617000
1951-12-01,goods-producing,18698,18698000
1952-01-01,goods-producing,18719,18719000
1952-02-01,goods-producing,18813,18813000
1952-03-01,goods-producing,18775,18775000
1952-04-01,goods-producing,18806,18806000
1952-05-01,goods-producing,18784,18784000
1952-06-01,goods-producing,18419,18419000
1952-07-01,goods-producing,18268,18268000
1952-08-01,goods-producing,18928,18928000
1952-09-01,goods-producing,19206,19206000
1952-10-01,goods-producing,19312,19312000
1952-11-01,goods-producing,19473,19473000
1952-12-01,goods-producing,19610,19610000
1953-01-01,goods-producing,19721,19721000
1953-02-01,goods-producing,19841,19841000
1953-03-01,goods-producing,19909,19909000
1953-04-01,goods-producing,19908,19908000
1953-05-01,goods-producing,19930,19930000
1953-06-01,goods-producing,19909,19909000
1953-07-01,goods-producing,19910,19910000
1953-08-01,goods-producing,19834,19834000
1953-09-01,goods-producing,19726,19726000
1953-10-01,goods-producing,19578,19578000
1953-11-01,goods-producing,19315,19315000
1953-12-01,goods-producing,19173,19173000
1954-01-01,goods-producing,18963,18963000
1954-02-01,goods-producing,18880,18880000
1954-03-01,goods-producing,18748,18748000
1954-04-01,goods-producing,18602,18602000
1954-05-01,goods-producing,18476,18476000
1954-06-01,goods-producing,18400,18400000
1954-07-01,goods-producing,18280,18280000
1954-08-01,goods-producing,18251,18251000
1954-09-01,goods-producing,18261,18261000
1954-10-01,goods-producing,18321,18321000
1954-11-01,goods-producing,18438,18438000
1954-12-01,goods-producing,18508,18508000
1955-01-01,goods-producing,18609,18609000
1955-02-01,goods-producing,18726,18726000
1955-03-01,goods-producing,18910,18910000
1955-04-01,goods-producing,19067,19067000
1955-05-01,goods-producing,19223,19223000
1955-06-01,goods-producing,19331,19331000
1955-07-01,goods-producing,19376,19376000
1955-08-01,goods-producing,19432,19432000
1955-09-01,goods-producing,19427,19427000
1955-10-01,goods-producing,19482,19482000
1955-11-01,goods-producing,19554,19554000
1955-12-01,goods-producing,19608,19608000
1956-01-01,goods-producing,19665,19665000
1956-02-01,goods-producing,19731,19731000
1956-03-01,goods-producing,19691,19691000
1956-04-01,goods-producing,19811,19811000
1956-05-01,goods-producing,19825,19825000
1956-06-01,goods-producing,19905,19905000
1956-07-01,goods-producing,19390,19390000
1956-08-01,goods-producing,19922,19922000
1956-09-01,goods-producing,19860,19860000
1956-10-01,goods-producing,19918,19918000
1956-11-01,goods-producing,19886,19886000
1956-12-01,goods-producing,19926,19926000
1957-01-01,goods-producing,19833,19833000
1957-02-01,goods-producing,19933,19933000
1957-03-01,goods-producing,19936,19936000
1957-04-01,goods-producing,19887,19887000
1957-05-01,goods-producing,19834,19834000
1957-06-01,goods-producing,19777,19777000
1957-07-01,goods-producing,19735,19735000
1957-08-01,goods-producing,19728,19728000
1957-09-01,goods-producing,19545,19545000
1957-10-01,goods-producing,19421,19421000
1957-11-01,goods-producing,19260,19260000
1957-12-01,goods-producing,19111,19111000
1958-01-01,goods-producing,18902,18902000
1958-02-01,goods-producing,18529,18529000
1958-03-01,goods-producing,18335,18335000
1958-04-01,goods-producing,18120,18120000
1958-05-01,goods-producing,18008,18008000
1958-06-01,goods-producing,17984,17984000
1958-07-01,goods-producing,18038,18038000
1958-08-01,goods-producing,18147,18147000
1958-09-01,goods-producing,18331,18331000
1958-10-01,goods-producing,18218,18218000
1958-11-01,goods-producing,18610,18610000
1958-12-01,goods-producing,18592,18592000
1959-01-01,goods-producing,18796,18796000
1959-02-01,goods-producing,18890,18890000
1959-03-01,goods-producing,19069,19069000
1959-04-01,goods-producing,19269,19269000
1959-05-01,goods-producing,19378,19378000
1959-06-01,goods-producing,19462,19462000
1959-07-01,goods-producing,19529,19529000
1959-08-01,goods-producing,19049,19049000
1959-09-01,goods-producing,19052,19052000
1959-10-01,goods-producing,18925,18925000
1959-11-01,goods-producing,19108,19108000
1959-12-01,goods-producing,19425,19425000
1960-01-01,goods-producing,19491,19491000
1960-02-01,goods-producing,19605,19605000
1960-03-01,goods-producing,19373,19373000
1960-04-01,goods-producing,19446,19446000
1960-05-01,goods-producing,19374,19374000
1960-06-01,goods-producing,19240,19240000
1960-07-01,goods-producing,19170,19170000
1960-08-01,goods-producing,19105,19105000
1960-09-01,goods-producing,19057,19057000
1960-10-01,goods-producing,18952,18952000
1960-11-01,goods-producing,18799,18799000
1960-12-01,goods-producing,18548,18548000
1961-01-01,goods-producing,18508,18508000
1961-02-01,goods-producing,18418,18418000
1961-03-01,goods-producing,18438,18438000
1961-04-01,goods-producing,18432,18432000
1961-05-01,goods-producing,18523,18523000
1961-06-01,goods-producing,18618,18618000
1961-07-01,goods-producing,18640,18640000
1961-08-01,goods-producing,18725,18725000
1961-09-01,goods-producing,18730,18730000
1961-10-01,goods-producing,18805,18805000
1961-11-01,goods-producing,18927,18927000
1961-12-01,goods-producing,18981,18981000
1962-01-01,goods-producing,18936,18936000
1962-02-01,goods-producing,19109,19109000
1962-03-01,goods-producing,19109,19109000
1962-04-01,goods-producing,19258,19258000
1962-05-01,goods-producing,19253,19253000
1962-06-01,goods-producing,19186,19186000
1962-07-01,goods-producing,19248,19248000
1962-08-01,goods-producing,19251,19251000
1962-09-01,goods-producing,19305,19305000
1962-10-01,goods-producing,19301,19301000
1962-11-01,goods-producing,19260,19260000
1962-12-01,goods-producing,19219,19219000
1963-01-01,goods-producing,19257,19257000
1963-02-01,goods-producing,19228,19228000
1963-03-01,goods-producing,19233,19233000
1963-04-01,goods-producing,19343,19343000
1963-05-01,goods-producing,19399,19399000
1963-06-01,goods-producing,19371,19371000
1963-07-01,goods-producing,19423,19423000
1963-08-01,goods-producing,19437,19437000
1963-09-01,goods-producing,19483,19483000
1963-10-01,goods-producing,19517,19517000
1963-11-01,goods-producing,19456,19456000
1963-12-01,goods-producing,19493,19493000
1964-01-01,goods-producing,19406,19406000
1964-02-01,goods-producing,19570,19570000
1964-03-01,goods-producing,19587,19587000
1964-04-01,goods-producing,19593,19593000
1964-05-01,goods-producing,19630,19630000
1964-06-01,goods-producing,19682,19682000
1964-07-01,goods-producing,19740,19740000
1964-08-01,goods-producing,19810,19810000
1964-09-01,goods-producing,19943,19943000
1964-10-01,goods-producing,19723,19723000
1964-11-01,goods-producing,20026,20026000
1964-12-01,goods-producing,20111,20111000
1965-01-01,goods-producing,20173,20173000
1965-02-01,goods-producing,20216,20216000
1965-03-01,goods-producing,20292,20292000
1965-04-01,goods-producing,20317,20317000
1965-05-01,goods-producing,20444,20444000
1965-06-01,goods-producing,20522,20522000
1965-07-01,goods-producing,20611,20611000
1965-08-01,goods-producing,20726,20726000
1965-09-01,goods-producing,20808,20808000
1965-10-01,goods-producing,20895,20895000
1965-11-01,goods-producing,21021,21021000
1965-12-01,goods-producing,21151,21151000
1966-01-01,goods-producing,21214,21214000
1966-02-01,goods-producing,21315,21315000
1966-03-01,goods-producing,21515,21515000
1966-04-01,goods-producing,21568,21568000
1966-05-01,goods-producing,21675,21675000
1966-06-01,goods-producing,21846,21846000
1966-07-01,goods-producing,21872,21872000
1966-08-01,goods-producing,21972,21972000
1966-09-01,goods-producing,21948,21948000
1966-10-01,goods-producing,21991,21991000
1966-11-01,goods-producing,21988,21988000
1966-12-01,goods-producing,22008,22008000
1967-01-01,goods-producing,22057,22057000
1967-02-01,goods-producing,21987,21987000
1967-03-01,goods-producing,21919,21919000
1967-04-01,goods-producing,21842,21842000
1967-05-01,goods-producing,21779,21779000
1967-06-01,goods-producing,21761,21761000
1967-07-01,goods-producing,21772,21772000
1967-08-01,goods-producing,21887,21887000
1967-09-01,goods-producing,21775,21775000
1967-10-01,goods-producing,21779,21779000
1967-11-01,goods-producing,21996,21996000
1967-12-01,goods-producing,22037,22037000
1968-01-01,goods-producing,21917,21917000
1968-02-01,goods-producing,22117,22117000
1968-03-01,goods-producing,22119,22119000
1968-04-01,goods-producing,22207,22207000
1968-05-01,goods-producing,22255,22255000
1968-06-01,goods-producing,22264,22264000
1968-07-01,goods-producing,22329,22329000
1968-08-01,goods-producing,22350,22350000
1968-09-01,goods-producing,22390,22390000
1968-10-01,goods-producing,22419,22419000
1968-11-01,goods-producing,22512,22512000
1968-12-01,goods-producing,22617,22617000
1969-01-01,goods-producing,22644,22644000
1969-02-01,goods-producing,22755,22755000
1969-03-01,goods-producing,22813,22813000
1969-04-01,goods-producing,22815,22815000
1969-05-01,goods-producing,22899,22899000
1969-06-01,goods-producing,22981,22981000
1969-07-01,goods-producing,22990,22990000
1969-08-01,goods-producing,23111,23111000
1969-09-01,goods-producing,22988,22988000
1969-10-01,goods-producing,22976,22976000
1969-11-01,goods-producing,22840,22840000
1969-12-01,goods-producing,22884,22884000
1970-01-01,goods-producing,22726,22726000
1970-02-01,goods-producing,22747,22747000
1970-03-01,goods-producing,22738,22738000
1970-04-01,goods-producing,22552,22552000
1970-05-01,goods-producing,22336,22336000
1970-06-01,goods-producing,22241,22241000
1970-07-01,goods-producing,22195,22195000
1970-08-01,goods-producing,22105,22105000
1970-09-01,goods-producing,21988,21988000
1970-10-01,goods-producing,21477,21477000
1970-11-01,goods-producing,21345,21345000
1970-12-01,goods-producing,21673,21673000
1971-01-01,goods-producing,21594,21594000
1971-02-01,goods-producing,21514,21514000
1971-03-01,goods-producing,21491,21491000
1971-04-01,goods-producing,21552,21552000
1971-05-01,goods-producing,21645,21645000
1971-06-01,goods-producing,21568,21568000
1971-07-01,goods-producing,21564,21564000
1971-08-01,goods-producing,21570,21570000
1971-09-01,goods-producing,21650,21650000
1971-10-01,goods-producing,21604,21604000
1971-11-01,goods-producing,21684,21684000
1971-12-01,goods-producing,21741,21741000
1972-01-01,goods-producing,21865,21865000
1972-02-01,goods-producing,21915,21915000
1972-03-01,goods-producing,22036,22036000
1972-04-01,goods-producing,22099,22099000
1972-05-01,goods-producing,22222,22222000
1972-06-01,goods-producing,22282,22282000
1972-07-01,goods-producing,22162,22162000
1972-08-01,goods-producing,22400,22400000
1972-09-01,goods-producing,22456,22456000
1972-10-01,goods-producing,22613,22613000
1972-11-01,goods-producing,22688,22688000
1972-12-01,goods-producing,22772,22772000
1973-01-01,goods-producing,22955,22955000
1973-02-01,goods-producing,23160,23160000
1973-03-01,goods-producing,23262,23262000
1973-04-01,goods-producing,23316,23316000
1973-05-01,goods-producing,23382,23382000
1973-06-01,goods-producing,23485,23485000
1973-07-01,goods-producing,23522,23522000
1973-08-01,goods-producing,23559,23559000
1973-09-01,goods-producing,23548,23548000
1973-10-01,goods-producing,23641,23641000
1973-11-01,goods-producing,23719,23719000
1973-12-01,goods-producing,23779,23779000
1974-01-01,goods-producing,23709,23709000
1974-02-01,goods-producing,23718,23718000
1974-03-01,goods-producing,23687,23687000
1974-04-01,goods-producing,23670,23670000
1974-05-01,goods-producing,23635,23635000
1974-06-01,goods-producing,23591,23591000
1974-07-01,goods-producing,23462,23462000
1974-08-01,goods-producing,23396,23396000
1974-09-01,goods-producing,23274,23274000
1974-10-01,goods-producing,23118,23118000
1974-11-01,goods-producing,22773,22773000
1974-12-01,goods-producing,22303,22303000
1975-01-01,goods-producing,21974,21974000
1975-02-01,goods-producing,21512,21512000
1975-03-01,goods-producing,21274,21274000
1975-04-01,goods-producing,21109,21109000
1975-05-01,goods-producing,21097,21097000
1975-06-01,goods-producing,21018,21018000
1975-07-01,goods-producing,20981,20981000
1975-08-01,goods-producing,21176,21176000
1975-09-01,goods-producing,21284,21284000
1975-10-01,goods-producing,21384,21384000
1975-11-01,goods-producing,21442,21442000
1975-12-01,goods-producing,21602,21602000
1976-01-01,goods-producing,21799,21799000
1976-02-01,goods-producing,21893,21893000
1976-03-01,goods-producing,21980,21980000
1976-04-01,goods-producing,22050,22050000
1976-05-01,goods-producing,21988,21988000
1976-06-01,goods-producing,21982,21982000
1976-07-01,goods-producing,21988,21988000
1976-08-01,goods-producing,22038,22038000
1976-09-01,goods-producing,22142,22142000
1976-10-01,goods-producing,22037,22037000
1976-11-01,goods-producing,22207,22207000
1976-12-01,goods-producing,22261,22261000
1977-01-01,goods-producing,22320,22320000
1977-02-01,goods-producing,22478,22478000
1977-03-01,goods-producing,22672,22672000
1977-04-01,goods-producing,22807,22807000
1977-05-01,goods-producing,22919,22919000
1977-06-01,goods-producing,23046,23046000
1977-07-01,goods-producing,23106,23106000
1977-08-01,goods-producing,23124,23124000
1977-09-01,goods-producing,23244,23244000
1977-10-01,goods-producing,23279,23279000
1977-11-01,goods-producing,23371,23371000
1977-12-01,goods-producing,23371,23371000
1978-01-01,goods-producing,23374,23374000
1978-02-01,goods-producing,23453,23453000
1978-03-01,goods-producing,23649,23649000
1978-04-01,goods-producing,24008,24008000
1978-05-01,goods-producing,24082,24082000
1978-06-01,goods-producing,24238,24238000
1978-07-01,goods-producing,24300,24300000
1978-08-01,goods-producing,24374,24374000
1978-09-01,goods-producing,24444,24444000
1978-10-01,goods-producing,24548,24548000
1978-11-01,goods-producing,24678,24678000
1978-12-01,goods-producing,24758,24758000
1979-01-01,goods-producing,24740,24740000
1979-02-01,goods-producing,24784,24784000
1979-03-01,goods-producing,24998,24998000
1979-04-01,goods-producing,24958,24958000
1979-05-01,goods-producing,25071,25071000
1979-06-01,goods-producing,25161,25161000
1979-07-01,goods-producing,25163,25163000
1979-08-01,goods-producing,25059,25059000
1979-09-01,goods-producing,25088,25088000
1979-10-01,goods-producing,25038,25038000
1979-11-01,goods-producing,24947,24947000
1979-12-01,goods-producing,24970,24970000
1980-01-01,goods-producing,24949,24949000
1980-02-01,goods-producing,24874,24874000
1980-03-01,goods-producing,24818,24818000
1980-04-01,goods-producing,24507,24507000
1980-05-01,goods-producing,24234,24234000
1980-06-01,goods-producing,23968,23968000
1980-07-01,goods-producing,23698,23698000
1980-08-01,goods-producing,23860,23860000
1980-09-01,goods-producing,23931,23931000
1980-10-01,goods-producing,24012,24012000
1980-11-01,goods-producing,24123,24123000
1980-12-01,goods-producing,24182,24182000
1981-01-01,goods-producing,24152,24152000
1981-02-01,goods-producing,24118,24118000
1981-03-01,goods-producing,24203,24203000
1981-04-01,goods-producing,24151,24151000
1981-05-01,goods-producing,24148,24148000
1981-06-01,goods-producing,24290,24290000
1981-07-01,goods-producing,24302,24302000
1981-08-01,goods-producing,24258,24258000
1981-09-01,goods-producing,24210,24210000
1981-10-01,goods-producing,24051,24051000
1981-11-01,goods-producing,23875,23875000
1981-12-01,goods-producing,23656,23656000
1982-01-01,goods-producing,23362,23362000
1982-02-01,goods-producing,23361,23361000
1982-03-01,goods-producing,23214,23214000
1982-04-01,goods-producing,22996,22996000
1982-05-01,goods-producing,22884,22884000
1982-06-01,goods-producing,22643,22643000
1982-07-01,goods-producing,22434,22434000
1982-08-01,goods-producing,22268,22268000
1982-09-01,goods-producing,22146,22146000
1982-10-01,goods-producing,21879,21879000
1982-11-01,goods-producing,21736,21736000
1982-12-01,goods-producing,21688,21688000
1983-01-01,goods-producing,21757,21757000
1983-02-01,goods-producing,21676,21676000
1983-03-01,goods-producing,21649,21649000
1983-04-01,goods-producing,21729,21729000
1983-05-01,goods-producing,21829,21829000
1983-06-01,goods-producing,21949,21949000
1983-07-01,goods-producing,22103,22103000
1983-08-01,goods-producing,22207,22207000
1983-09-01,goods-producing,22381,22381000
1983-10-01,goods-producing,22546,22546000
1983-11-01,goods-producing,22698,22698000
1983-12-01,goods-producing,22803,22803000
1984-01-01,goods-producing,22942,22942000
1984-02-01,goods-producing,23146,23146000
1984-03-01,goods-producing,23209,23209000
1984-04-01,goods-producing,23305,23305000
1984-05-01,goods-producing,23389,23389000
1984-06-01,goods-producing,23497,23497000
1984-07-01,goods-producing,23571,23571000
1984-08-01,goods-producing,23608,23608000
1984-09-01,goods-producing,23617,23617000
1984-10-01,goods-producing,23626,23626000
1984-11-01,goods-producing,23639,23639000
1984-12-01,goods-producing,23673,23673000
1985-01-01,goods-producing,23672,23672000
1985-02-01,goods-producing,23621,23621000
1985-03-01,goods-producing,23661,23661000
1985-04-01,goods-producing,23644,23644000
1985-05-01,goods-producing,23632,23632000
1985-06-01,goods-producing,23592,23592000
1985-07-01,goods-producing,23549,23549000
1985-08-01,goods-producing,23546,23546000
1985-09-01,goods-producing,23528,23528000
1985-10-01,goods-producing,23529,23529000
1985-11-01,goods-producing,23520,23520000
1985-12-01,goods-producing,23518,23518000
1986-01-01,goods-producing,23530,23530000
1986-02-01,goods-producing,23485,23485000
1986-03-01,goods-producing,23428,23428000
1986-04-01,goods-producing,23427,23427000
1986-05-01,goods-producing,23349,23349000
1986-06-01,goods-producing,23263,23263000
1986-07-01,goods-producing,23235,23235000
1986-08-01,goods-producing,23225,23225000
1986-09-01,goods-producing,23216,23216000
1986-10-01,goods-producing,23208,23208000
1986-11-01,goods-producing,23204,23204000
1986-12-01,goods-producing,23237,23237000
1987-01-01,goods-producing,23232,23232000
1987-02-01,goods-producing,23296,23296000
1987-03-01,goods-producing,23307,23307000
1987-04-01,goods-producing,23342,23342000
1987-05-01,goods-producing,23390,23390000
1987-06-01,goods-producing,23390,23390000
1987-07-01,goods-producing,23455,23455000
1987-08-01,goods-producing,23506,23506000
1987-09-01,goods-producing,23566,23566000
1987-10-01,goods-producing,23655,23655000
1987-11-01,goods-producing,23711,23711000
1987-12-01,goods-producing,23772,23772000
1988-01-01,goods-producing,23668,23668000
1988-02-01,goods-producing,23769,23769000
1988-03-01,goods-producing,23824,23824000
1988-04-01,goods-producing,23880,23880000
1988-05-01,goods-producing,23896,23896000
1988-06-01,goods-producing,23951,23951000
1988-07-01,goods-producing,23966,23966000
1988-08-01,goods-producing,23926,23926000
1988-09-01,goods-producing,23942,23942000
1988-10-01,goods-producing,23987,23987000
1988-11-01,goods-producing,24030,24030000
1988-12-01,goods-producing,24054,24054000
1989-01-01,goods-producing,24097,24097000
1989-02-01,goods-producing,24080,24080000
1989-03-01,goods-producing,24069,24069000
1989-04-01,goods-producing,24100,24100000
1989-05-01,goods-producing,24089,24089000
1989-06-01,goods-producing,24052,24052000
1989-07-01,goods-producing,24027,24027000
1989-08-01,goods-producing,24048,24048000
1989-09-01,goods-producing,24000,24000000
1989-10-01,goods-producing,23997,23997000
1989-11-01,goods-producing,24009,24009000
1989-12-01,goods-producing,23949,23949000
1990-01-01,goods-producing,23982,23982000
1990-02-01,goods-producing,24071,24071000
1990-03-01,goods-producing,24023,24023000
1990-04-01,goods-producing,23966,23966000
1990-05-01,goods-producing,23888,23888000
1990-06-01,goods-producing,23849,23849000
1990-07-01,goods-producing,23746,23746000
1990-08-01,goods-producing,23648,23648000
1990-09-01,goods-producing,23571,23571000
1990-10-01,goods-producing,23473,23473000
1990-11-01,goods-producing,23283,23283000
1990-12-01,goods-producing,23203,23203000
1991-01-01,goods-producing,23061,23061000
1991-02-01,goods-producing,22900,22900000
1991-03-01,goods-producing,22779,22779000
1991-04-01,goods-producing,22687,22687000
1991-05-01,goods-producing,22618,22618000
1991-06-01,goods-producing,22571,22571000
1991-07-01,goods-producing,22507,22507000
1991-08-01,goods-producing,22493,22493000
1991-09-01,goods-producing,22466,22466000
1991-10-01,goods-producing,22418,22418000
1991-11-01,goods-producing,22316,22316000
1991-12-01,goods-producing,22274,22274000
1992-01-01,goods-producing,22213,22213000
1992-02-01,goods-producing,22142,22142000
1992-03-01,goods-producing,22127,22127000
1992-04-01,goods-producing,22132,22132000
1992-05-01,goods-producing,22135,22135000
1992-06-01,goods-producing,22097,22097000
1992-07-01,goods-producing,22074,22074000
1992-08-01,goods-producing,22045,22045000
1992-09-01,goods-producing,22020,22020000
1992-10-01,goods-producing,22029,22029000
1992-11-01,goods-producing,22042,22042000
1992-12-01,goods-producing,22076,22076000
1993-01-01,goods-producing,22133,22133000
1993-02-01,goods-producing,22188,22188000
1993-03-01,goods-producing,22142,22142000
1993-04-01,goods-producing,22131,22131000
1993-05-01,goods-producing,22189,22189000
1993-06-01,goods-producing,22165,22165000
1993-07-01,goods-producing,22183,22183000
1993-08-01,goods-producing,22203,22203000
1993-09-01,goods-producing,22252,22252000
1993-10-01,goods-producing,22306,22306000
1993-11-01,goods-producing,22347,22347000
1993-12-01,goods-producing,22413,22413000
1994-01-01,goods-producing,22465,22465000
1994-02-01,goods-producing,22451,22451000
1994-03-01,goods-producing,22550,22550000
1994-04-01,goods-producing,22641,22641000
1994-05-01,goods-producing,22704,22704000
1994-06-01,goods-producing,22764,22764000
1994-07-01,goods-producing,22807,22807000
1994-08-01,goods-producing,22876,22876000
1994-09-01,goods-producing,22948,22948000
1994-10-01,goods-producing,22974,22974000
1994-11-01,goods-producing,23050,23050000
1994-12-01,goods-producing,23095,23095000
1995-01-01,goods-producing,23147,23147000
1995-02-01,goods-producing,23103,23103000
1995-03-01,goods-producing,23151,23151000
1995-04-01,goods-producing,23174,23174000
1995-05-01,goods-producing,23120,23120000
1995-06-01,goods-producing,23137,23137000
1995-07-01,goods-producing,23119,23119000
1995-08-01,goods-producing,23164,23164000
1995-09-01,goods-producing,23208,23208000
1995-10-01,goods-producing,23206,23206000
1995-11-01,goods-producing,23200,23200000
1995-12-01,goods-producing,23209,23209000
1996-01-01,goods-producing,23196,23196000
1996-02-01,goods-producing,23280,23280000
1996-03-01,goods-producing,23276,23276000
1996-04-01,goods-producing,23316,23316000
1996-05-01,goods-producing,23358,23358000
1996-06-01,goods-producing,23399,23399000
1996-07-01,goods-producing,23418,23418000
1996-08-01,goods-producing,23479,23479000
1996-09-01,goods-producing,23497,23497000
1996-10-01,goods-producing,23546,23546000
1996-11-01,goods-producing,23584,23584000
1996-12-01,goods-producing,23598,23598000
1997-01-01,goods-producing,23618,23618000
1997-02-01,goods-producing,23686,23686000
1997-03-01,goods-producing,23739,23739000
1997-04-01,goods-producing,23765,23765000
1997-05-01,goods-producing,23809,23809000
1997-06-01,goods-producing,23834,23834000
1997-07-01,goods-producing,23862,23862000
1997-08-01,goods-producing,23952,23952000
1997-09-01,goods-producing,23996,23996000
1997-10-01,goods-producing,24053,24053000
1997-11-01,goods-producing,24112,24112000
1997-12-01,goods-producing,24184,24184000
1998-01-01,goods-producing,24262,24262000
1998-02-01,goods-producing,24283,24283000
1998-03-01,goods-producing,24264,24264000
1998-04-01,goods-producing,24340,24340000
1998-05-01,goods-producing,24361,24361000
1998-06-01,goods-producing,24387,24387000
1998-07-01,goods-producing,24238,24238000
1998-08-01,goods-producing,24420,24420000
1998-09-01,goods-producing,24419,24419000
1998-10-01,goods-producing,24406,24406000
1998-11-01,goods-producing,24394,24394000
1998-12-01,goods-producing,24454,24454000
1999-01-01,goods-producing,24401,24401000
1999-02-01,goods-producing,24434,24434000
1999-03-01,goods-producing,24378,24378000
1999-04-01,goods-producing,24425,24425000
1999-05-01,goods-producing,24445,24445000
1999-06-01,goods-producing,24434,24434000
1999-07-01,goods-producing,24474,24474000
1999-08-01,goods-producing,24467,24467000
1999-09-01,goods-producing,24485,24485000
1999-10-01,goods-producing,24505,24505000
1999-11-01,goods-producing,24561,24561000
1999-12-01,goods-producing,24582,24582000
2000-01-01,goods-producing,24628,24628000
2000-02-01,goods-producing,24609,24609000
2000-03-01,goods-producing,24705,24705000
2000-04-01,goods-producing,24688,24688000
2000-05-01,goods-producing,24647,24647000
2000-06-01,goods-producing,24672,24672000
2000-07-01,goods-producing,24717,24717000
2000-08-01,goods-producing,24683,24683000
2000-09-01,goods-producing,24642,24642000
2000-10-01,goods-producing,24638,24638000
2000-11-01,goods-producing,24623,24623000
2000-12-01,goods-producing,24575,24575000
2001-01-01,goods-producing,24533,24533000
2001-02-01,goods-producing,24474,24474000
2001-03-01,goods-producing,24409,24409000
2001-04-01,goods-producing,24254,24254000
2001-05-01,goods-producing,24119,24119000
2001-06-01,goods-producing,23965,23965000
2001-07-01,goods-producing,23837,23837000
2001-08-01,goods-producing,23667,23667000
2001-09-01,goods-producing,23537,23537000
2001-10-01,goods-producing,23378,23378000
2001-11-01,goods-producing,23209,23209000
2001-12-01,goods-producing,23094,23094000
2002-01-01,goods-producing,22961,22961000
2002-02-01,goods-producing,22876,22876000
2002-03-01,goods-producing,22786,22786000
2002-04-01,goods-producing,22689,22689000
2002-05-01,goods-producing,22604,22604000
2002-06-01,goods-producing,22578,22578000
2002-07-01,goods-producing,22521,22521000
2002-08-01,goods-producing,22449,22449000
2002-09-01,goods-producing,22397,22397000
2002-10-01,goods-producing,22325,22325000
2002-11-01,goods-producing,22282,22282000
2002-12-01,goods-producing,22189,22189000
2003-01-01,goods-producing,22146,22146000
2003-02-01,goods-producing,22023,22023000
2003-03-01,goods-producing,21945,21945000
2003-04-01,goods-producing,21864,21864000
2003-05-01,goods-producing,21832,21832000
2003-06-01,goods-producing,21788,21788000
2003-07-01,goods-producing,21708,21708000
2003-08-01,goods-producing,21706,21706000
2003-09-01,goods-producing,21700,21700000
2003-10-01,goods-producing,21691,21691000
2003-11-01,goods-producing,21688,21688000
2003-12-01,goods-producing,21703,21703000
2004-01-01,goods-producing,21715,21715000
2004-02-01,goods-producing,21693,21693000
2004-03-01,goods-producing,21758,21758000
2004-04-01,goods-producing,21802,21802000
2004-05-01,goods-producing,21881,21881000
2004-06-01,goods-producing,21885,21885000
2004-07-01,goods-producing,21900,21900000
2004-08-01,goods-producing,21944,21944000
2004-09-01,goods-producing,21957,21957000
2004-10-01,goods-producing,22004,22004000
2004-11-01,goods-producing,21997,21997000
2004-12-01,goods-producing,22005,22005000
2005-01-01,goods-producing,21958,21958000
2005-02-01,goods-producing,22036,22036000
2005-03-01,goods-producing,22066,22066000
2005-04-01,goods-producing,22136,22136000
2005-05-01,goods-producing,22172,22172000
2005-06-01,goods-producing,22185,22185000
2005-07-01,goods-producing,22205,22205000
2005-08-01,goods-producing,22228,22228000
2005-09-01,goods-producing,22226,22226000
2005-10-01,goods-producing,22292,22292000
2005-11-01,goods-producing,22357,22357000
2005-12-01,goods-producing,22376,22376000
2006-01-01,goods-producing,22467,22467000
2006-02-01,goods-producing,22535,22535000
2006-03-01,goods-producing,22572,22572000
2006-04-01,goods-producing,22631,22631000
2006-05-01,goods-producing,22597,22597000
2006-06-01,goods-producing,22598,22598000
2006-07-01,goods-producing,22590,22590000
2006-08-01,goods-producing,22572,22572000
2006-09-01,goods-producing,22537,22537000
2006-10-01,goods-producing,22456,22456000
2006-11-01,goods-producing,22408,22408000
2006-12-01,goods-producing,22405,22405000
2007-01-01,goods-producing,22439,22439000
2007-02-01,goods-producing,22334,22334000
2007-03-01,goods-producing,22391,22391000
2007-04-01,goods-producing,22350,22350000
2007-05-01,goods-producing,22323,22323000
2007-06-01,goods-producing,22323,22323000
2007-07-01,goods-producing,22277,22277000
2007-08-01,goods-producing,22165,22165000
2007-09-01,goods-producing,22093,22093000
2007-10-01,goods-producing,22056,22056000
2007-11-01,goods-producing,22015,22015000
2007-12-01,goods-producing,21976,21976000
2008-01-01,goods-producing,21947,21947000
2008-02-01,goods-producing,21897,21897000
2008-03-01,goods-producing,21820,21820000
2008-04-01,goods-producing,21681,21681000
2008-05-01,goods-producing,21599,21599000
2008-06-01,goods-producing,21483,21483000
2008-07-01,goods-producing,21360,21360000
2008-08-01,goods-producing,21250,21250000
2008-09-01,goods-producing,21101,21101000
2008-10-01,goods-producing,20895,20895000
2008-11-01,goods-producing,20623,20623000
2008-12-01,goods-producing,20322,20322000
2009-01-01,goods-producing,19889,19889000
2009-02-01,goods-producing,19575,19575000
2009-03-01,goods-producing,19227,19227000
2009-04-01,goods-producing,18894,18894000
2009-05-01,goods-producing,18655,18655000
2009-06-01,goods-producing,18422,18422000
2009-07-01,goods-producing,18278,18278000
2009-08-01,goods-producing,18151,18151000
2009-09-01,goods-producing,18043,18043000
2009-10-01,goods-producing,17915,17915000
2009-11-01,goods-producing,17869,17869000
2009-12-01,goods-producing,17792,17792000
2010-01-01,goods-producing,17707,17707000
2010-02-01,goods-producing,17627,17627000
2010-03-01,goods-producing,17672,17672000
2010-04-01,goods-producing,17729,17729000
2010-05-01,goods-producing,17742,17742000
2010-06-01,goods-producing,17763,17763000
2010-07-01,goods-producing,17777,17777000
2010-08-01,goods-producing,17793,17793000
2010-09-01,goods-producing,17787,17787000
2010-10-01,goods-producing,17801,17801000
2010-11-01,goods-producing,17827,17827000
2010-12-01,goods-producing,17796,17796000
2011-01-01,goods-producing,17784,17784000
2011-02-01,goods-producing,17844,17844000
2011-03-01,goods-producing,17906,17906000
2011-04-01,goods-producing,17957,17957000
2011-05-01,goods-producing,18007,18007000
2011-06-01,goods-producing,18045,18045000
2011-07-01,goods-producing,18094,18094000
2011-08-01,goods-producing,18120,18120000
2011-09-01,goods-producing,18167,18167000
2011-10-01,goods-producing,18188,18188000
2011-11-01,goods-producing,18187,18187000
2011-12-01,goods-producing,18244,18244000
2012-01-01,goods-producing,18304,18304000
2012-02-01,goods-producing,18334,18334000
2012-03-01,goods-producing,18372,18372000
2012-04-01,goods-producing,18384,18384000
2012-05-01,goods-producing,18386,18386000
2012-06-01,goods-producing,18411,18411000
2012-07-01,goods-producing,18447,18447000
2012-08-01,goods-producing,18459,18459000
2012-09-01,goods-producing,18461,18461000
2012-10-01,goods-producing,18472,18472000
2012-11-01,goods-producing,18477,18477000
2012-12-01,goods-producing,18532,18532000
2013-01-01,goods-producing,18580,18580000
2013-02-01,goods-producing,18638,18638000
2013-03-01,goods-producing,18660,18660000
2013-04-01,goods-producing,18653,18653000
2013-05-01,goods-producing,18691,18691000
2013-06-01,goods-producing,18724,18724000
2013-07-01,goods-producing,18705,18705000
2013-08-01,goods-producing,18756,18756000
2013-09-01,goods-producing,18810,18810000
2013-10-01,goods-producing,18857,18857000
2013-11-01,goods-producing,18911,18911000
2013-12-01,goods-producing,18881,18881000
2014-01-01,goods-producing,18937,18937000
2014-02-01,goods-producing,18988,18988000
2014-03-01,goods-producing,19037,19037000
2014-04-01,goods-producing,19104,19104000
2014-05-01,goods-producing,19142,19142000
2014-06-01,goods-producing,19195,19195000
2014-07-01,goods-producing,19264,19264000
2014-08-01,goods-producing,19316,19316000
2014-09-01,goods-producing,19371,19371000
2014-10-01,goods-producing,19419,19419000
2014-11-01,goods-producing,19456,19456000
2014-12-01,goods-producing,19481,19481000
2015-01-01,goods-producing,19500,19500000
2015-02-01,goods-producing,19537,19537000
2015-03-01,goods-producing,19505,19505000
2015-04-01,goods-producing,19553,19553000
2015-05-01,goods-producing,19580,19580000
2015-06-01,goods-producing,19591,19591000
2015-07-01,goods-producing,19626,19626000
2015-08-01,goods-producing,19629,19629000
2015-09-01,goods-producing,19641,19641000
2015-10-01,goods-producing,19680,19680000
2015-11-01,goods-producing,19711,19711000
2015-12-01,goods-producing,19738,19738000
2016-01-01,goods-producing,19746,19746000
2016-02-01,goods-producing,19716,19716000
2016-03-01,goods-producing,19711,19711000
2016-04-01,goods-producing,19732,19732000
2016-05-01,goods-producing,19687,19687000
2016-06-01,goods-producing,19707,19707000
2016-07-01,goods-producing,19758,19758000
2016-08-01,goods-producing,19731,19731000
2016-09-01,goods-producing,19760,19760000
2016-10-01,goods-producing,19788,19788000
2016-11-01,goods-producing,19812,19812000
2016-12-01,goods-producing,19822,19822000
2017-01-01,goods-producing,19854,19854000
2017-02-01,goods-producing,19916,19916000
2017-03-01,goods-producing,19954,19954000
2017-04-01,goods-producing,19986,19986000
2017-05-01,goods-producing,20015,20015000
2017-06-01,goods-producing,20062,20062000
2017-07-01,goods-producing,20072,20072000
2017-08-01,goods-producing,20154,20154000
2017-09-01,goods-producing,20177,20177000
2017-10-01,goods-producing,20209,20209000
2017-11-01,goods-producing,20266,20266000
2017-12-01,goods-producing,20316,20316000
2018-01-01,goods-producing,20356,20356000
2018-02-01,goods-producing,20473,20473000
2018-03-01,goods-producing,20515,20515000
2018-04-01,goods-producing,20576,20576000
2018-05-01,goods-producing,20658,20658000
2018-06-01,goods-producing,20716,20716000
2018-07-01,goods-producing,20762,20762000
2018-08-01,goods-producing,20809,20809000
2018-09-01,goods-producing,20850,20850000
2018-10-01,goods-producing,20886,20886000
2018-11-01,goods-producing,20890,20890000
2018-12-01,goods-producing,20930,20930000
2019-01-01,goods-producing,20999,20999000
2019-02-01,goods-producing,20962,20962000
2019-03-01,goods-producing,20983,20983000
2019-04-01,goods-producing,21032,21032000
2019-05-01,goods-producing,21043,21043000
2019-06-01,goods-producing,21074,21074000
2019-07-01,goods-producing,21084,21084000
2019-08-01,goods-producing,21077,21077000
2019-09-01,goods-producing,21080,21080000
2019-10-01,goods-producing,21028,21028000
2019-11-01,goods-producing,21055,21055000
2019-12-01,goods-producing,21017,21017000
2020-01-01,goods-producing,21045,21045000
2020-02-01,goods-producing,21095,21095000
2020-03-01,goods-producing,20939,20939000
2020-04-01,goods-producing,18554,18554000
2020-05-01,goods-producing,19258,19258000
2020-06-01,goods-producing,19737,19737000
2020-07-01,goods-producing,19793,19793000
2020-08-01,goods-producing,19835,19835000
2020-09-01,goods-producing,19899,19899000
2020-10-01,goods-producing,19973,19973000
2020-11-01,goods-producing,20024,20024000
2020-12-01,goods-producing,20101,20101000
2021-01-01,goods-producing,20090,20090000
2021-02-01,goods-producing,20072,20072000
2021-03-01,goods-producing,20227,20227000
2021-04-01,goods-producing,20187,20187000
2021-05-01,goods-producing,20209,20209000
2021-06-01,goods-producing,20232,20232000
2021-07-01,goods-producing,20314,20314000
2021-08-01,goods-producing,20362,20362000
2021-09-01,goods-producing,20416,20416000
2021-10-01,goods-producing,20499,20499000
2021-11-01,goods-producing,20598,20598000
2021-12-01,goods-producing,20691,20691000
2022-01-01,goods-producing,20723,20723000
2022-02-01,goods-producing,20837,20837000
2022-03-01,goods-producing,20922,20922000
2022-04-01,goods-producing,20986,20986000
2022-05-01,goods-producing,21047,21047000
2022-06-01,goods-producing,21090,21090000
2022-07-01,goods-producing,21153,21153000
2022-08-01,goods-producing,21188,21188000
2022-09-01,goods-producing,21232,21232000